,email,phone,password,name,create_at
0,a@a.com,null,null,null,2026-04-27 15:19:52
1,a10@a10.com,010-9999-0000,$2b$10$LJS0hOCzwDgaFdXAS3NPFef1sW/J7Vti1xQgwKfF/l2X2vx3scZH2,abcMan,2026-05-08 10:08:34
2,a3,010-0000-5673,$2b$10$hlY1B2uGftRnnG1Ttwpn5OTIZvLB6oBQYcp7ODo8IpuMqRWv13zyu,마바사,2026-05-11 11:42:14
3,abc@abc.com,010-0000-4321,$2b$10$yhPSnuqW2XtiR.ExMMD/yuxdGoMeVifXT99WCy4CqHim471nobfVy,ABC,2026-04-29 11:35:18
4,abcd@abdc.com,010-1100-4321,$2b$10$NWmke7shNGNulV18aJVEdus0SXDeYXKS1KoAnR75.gJ4/nHX0ka8C,ABCd,2026-04-29 11:35:50
5,b@b.com,010-0000-0002,$2b$10$lZJHwYOoMfU10aZPhSNMjuPPjMaSibTvxmZ4OHQpmUeHdg3NI9JT2,라마사,2026-04-27 15:21:12
6,b1@b1.com,000-0000-1111,$2b$10$RksRoCmD48WCIzibC8IrQuKqsgSqmH0oRnKdnUqz0oq23IYq8TfhS,마바사,2026-04-27 16:15:21
7,b2@b2.com,010-0000-0005,$2b$10$tnZa4g5fr.QWM7dsYXtyhupnakBEE7Zy16J70kIIdBI1Gn1ZTp7Au,오씨,2026-04-27 16:15:24
8,b3@b3.com,010-0000-0006,$2b$10$4iH8QhUvKD8rDM7Dib5qFuiJV6hV.n/4PDHc9zCEJPCEueffa1uk.,한씨,2026-04-27 16:15:27
9,c@c.com,010-0000-0003,$2b$10$HjHsr/KfMqbYJYtKhHy/3unbxsaMKSmtGTeaEjjKDu6QOE5NR4N4q,ㄱㄴㄷ,2026-04-27 15:21:40
10,db@db.com,010-1234-5678,$2b$10$9JyIbVIrTORx0apQpaJFy.IoGgee70LrUC1cQzqa7POikb4cluIM6,대박이,2026-04-29 11:22:36
11,user1@test.com,010-1000-0001,$2b$10$V.4hJ0RWGkiFBaUnZMF8EODe7x8L21zfYMtSW/QSG5I0jrdA32AS.,고객1,2026-04-27 16:29:05
12,user10@test.com,010-1000-0010,$2b$10$sUtKX7DojkWD991e.ciHXuaKwVyypXAZR3cHN6e/I66os02ojXcbC,고객10,2026-04-27 16:29:05
13,user11@test.com,010-1000-0011,$2b$10$DzNvSZAwrY0EZSRGlryjXuTD0k7a9XhJxRoMY9Q.UdWn9Vj1M7Cgm,고객11,2026-04-27 16:29:05
14,user12@test.com,010-1000-0012,$2b$10$z7RXK/31R10WJx7/AoVtTOUTjyi/mOpm0xo/JxRGze4jR76PL5Tu.,고객12,2026-04-27 16:29:05
15,user13@test.com,010-1000-0013,$2b$10$r5debkF.Rbh.k/pyU8y6fOmd9I99.1HLHoaziiFnu6Ks3jdeJQ2EW,고객13,2026-04-27 16:29:05
16,user14@test.com,010-1000-0014,$2b$10$50trMqfVL/9ZxItpsLGTU.VFV3ewAGffZn2rsqdJz7YioksZJAJBe,고객14,2026-04-27 16:29:05
17,user15@test.com,010-1000-0015,$2b$10$8DG/DxZV.FhqmjM6yMfxKuoelHtr8iTQr7haoKlE6c2gZhWg5.Clu,고객15,2026-04-27 16:29:05
18,user16@test.com,010-1000-0016,$2b$10$j5TczSQNaT6cxNHm0OiuQumYfm.bJillar/e5sectHrWbqo6HofT6,고객16,2026-04-27 16:29:05
19,user17@test.com,010-1000-0017,$2b$10$T8n6NgJ9/F5ZKh/3YbpMJ.0UflshfxPXtiFHokEiG.dFnF1haeF7a,고객17,2026-04-27 16:29:05
20,user18@test.com,010-1000-0018,$2b$10$/6TbU/0JnOcqcqTxlyt9quB9i5ZGiWh7JFbuZnEpf5/YbRDxPD0nq,고객18,2026-04-27 16:29:05
21,user19@test.com,010-1000-0019,$2b$10$XGW37xuB2LuepQmvBI3EteeAAC68iPhPIEHw7VM76hbKUDg3TUtIy,고객19,2026-04-27 16:29:05
22,user2@test.com,010-1000-0002,$2b$10$Tf9LEl9paloJ9juDp08XLeynpvBIiuvoqi0GBBvJuqHBvDbdYZqB2,고객2,2026-04-27 16:29:05
23,user20@test.com,010-1000-0020,$2b$10$Sj1iqeB0rOJ88HdedEExvu1gMV6ogdbLsuGhJOlRzUPukjrXP.OH.,고객20,2026-04-27 16:29:05
24,user21@test.com,010-1000-0021,$2b$10$jt2VkHt/K/zNnctidurTLOVquhBARLdEn3HlVV2yU3pvbSgRy02PS,고객21,2026-04-27 16:29:05
25,user22@test.com,010-1000-0022,$2b$10$d5ZCfM0cwf3GcpcHHa03ZeR7GOLXpRBNTh5BFNvMqin7EKDE4YwEe,고객22,2026-04-27 16:29:05
26,user23@test.com,010-1000-0023,$2b$10$a2XHXPKn13jpySdRLHZRUu24HdAxrf7M.Ccu/Lr71Ybhx5vl1rprK,고객23,2026-04-27 16:29:05
27,user24@test.com,010-1000-0024,$2b$10$J83xZVv7Cge1pt/wNpuxjuRnhLi7z0gruzTAIqTdBrNjQiagL/jRy,고객24,2026-04-27 16:29:05
28,user25@test.com,010-1000-0025,$2b$10$BrvLz8n1HvOu8tp9f0DNGO4gDbQtIEhqrP2OEJTmJRhjCQ1FVYFwO,고객25,2026-04-27 16:29:05
29,user26@test.com,010-1000-0026,$2b$10$Y3lYy7ujvu5Y2QsO42/0q.wDfORpRpyw0MlQwWMf/q8xuQoMnQrCq,고객26,2026-04-27 16:29:05
30,user27@test.com,010-1000-0027,$2b$10$X8UhowiKDJEQo6lJ9BPWi.GuZ0q/a8YztxUVZtQFlHTezqzbz1FIy,고객27,2026-04-27 16:29:05
31,user28@test.com,010-1000-0028,$2b$10$06LCimrxUp9NvEYFfQK5H.Lo828wuN546MW0KDq.1SkMITkM0rEWq,고객28,2026-04-27 16:29:05
32,user29@test.com,010-1000-0029,$2b$10$UweTNA2/ObxmdjIr6CJA8u48LXv04tw5Oo/rmxnevPKTWt0pxl0K.,고객29,2026-04-27 16:29:05
33,user3@test.com,010-1000-0003,$2b$10$nZ7a5YZ0dIFADtZHBn6FueWnwKvgOmDx9SuxyC/SsGzfF1aYKlnny,고객3,2026-04-27 16:29:05
34,user30@test.com,010-1000-0030,$2b$10$oUDSA6.qSv/RDrJBwNfOXeI4prISWAmPA0Er/2lLZ7VSccSCYPBuq,고객30,2026-04-27 16:29:05
35,user31@test.com,010-1000-0031,$2b$10$2AHJOnmfeJujMopAoxlT2u31Ti5FMgCFdYBldUsGbthB3K7aH1mkC,고객31,2026-04-27 16:29:05
36,user32@test.com,010-1000-0032,$2b$10$WjBPO6vOygmZq.qsIPEvveiSgLZJZVVxO3/W56J.dvrvR48afsoLK,고객32,2026-04-27 16:29:05
37,user33@test.com,010-1000-0033,$2b$10$arkujVVgaNEn3jxtsQhrMeVBKu9SQJx6CbHMACkjWNvLdC9iPUZZG,고객33,2026-04-27 16:29:05
38,user34@test.com,010-1000-0034,$2b$10$jEL12oSfdVQeC/wiE1lvduG9LkxZv9nNuDNrP6LgUOLqdRalOCria,고객34,2026-04-27 16:29:05
39,user35@test.com,010-1000-0035,$2b$10$O7kIAlXT6Bw3OsAgmA00cOUvScPgCQ4.uIYF4FsUANbSc7FHpL80y,고객35,2026-04-27 16:29:05
40,user36@test.com,010-1000-0036,$2b$10$T3vZCG405wo/0HXuIvyuX.vpT55Kk6jjgFfaKHDJZdgs5vBiy1TOG,고객36,2026-04-27 16:29:05
41,user37@test.com,010-1000-0037,$2b$10$qN10gR.uQS.u38X6p2fv1u2iZUByXjKBAMsNUBcEyf/nKcnGlxEBa,고객37,2026-04-27 16:29:05
42,user38@test.com,010-1000-0038,$2b$10$Ct6O7wFDmqZEdgLiYpNQJeqeze4KQTMyR0aF0mjHHiwklNrIeRC5O,고객38,2026-04-27 16:29:05
43,user39@test.com,010-1000-0039,$2b$10$wMQQeiQ6NLselmqKhQb0vOtfmu91ndSwLKrLHz4K81TaUm7UzsY2O,고객39,2026-04-27 16:29:05
44,user4@test.com,010-1000-0004,$2b$10$lvTzdcdsXI15nXiqF4/j0.1xqPlb9zozXryHOb7cVrJ/gvnOgZhHe,고객4,2026-04-27 16:29:05
45,user40@test.com,010-1000-0040,$2b$10$qUUFwxrbZrSfMmDsrVeEBugx/5gCusJ9hsNAfRoSzMahJhJwhb/.K,고객40,2026-04-27 16:29:05
46,user41@test.com,010-1000-0041,$2b$10$RMx3DDiAyVIQHEykfspR0uoSphIf5mIj8pQ6OB29WGdWZhHLCKGoi,고객41,2026-04-27 16:29:05
47,user42@test.com,010-1000-0042,$2b$10$OFm7q3nJlVlr4HbbE.jV3umXxIu3U6KMee4e34yCPoGQYb9H2uFOi,고객42,2026-04-27 16:29:05
48,user43@test.com,010-1000-0043,$2b$10$IvgNT8SSW779IBGkdNY30upXMeh0MvVWDY.z6XZeh0KLKP4OXMP9K,고객43,2026-04-27 16:29:05
49,user44@test.com,010-1000-0044,$2b$10$b/Xielg/wNfydkIx3Tgnyej/XEOgw3lN8pkppni1S.PBhdbFkfoNu,고객44,2026-04-27 16:29:05
50,user45@test.com,010-1000-0045,$2b$10$3sbNrLWiE3MolKkGIZO6MuOXJ9au7P1QSfMNvUBB63OAu/UpCHaB6,고객45,2026-04-27 16:29:05
51,user46@test.com,010-1000-0046,$2b$10$ue1klmSNNvKSJ/7MwwLww.haZLPJMs/xkAzQNjXUEL/PFCGthB3kq,고객46,2026-04-27 16:29:05
52,user47@test.com,010-1000-0047,$2b$10$BT3Ab9U48Ja7e5d21QrrpuuDGv1qojYoNjpi1x8xE2arVRIDf8Edm,고객47,2026-04-27 16:29:05
53,user48@test.com,010-1000-0048,$2b$10$BHkQyoLWirEwJF.PO7ocE.fr03X8IB.XTdLwFwsllsIXKGofmUbx6,고객48,2026-04-27 16:29:05
54,user49@test.com,010-1000-0049,$2b$10$vTcPPjEOs25xKQWtt.mA..Vgbcmq2Ks0a79X7nEGIVu4zokW5i6jG,고객49,2026-04-27 16:29:05
55,user5@test.com,010-1000-0005,$2b$10$oBNDWdFC7vmHm52TTKFXG.fHXEfKUAavy.51aDHZHYLGaj5VZbGn6,고객5,2026-04-27 16:29:05
56,user50@test.com,010-1000-0050,$2b$10$e8hz1AyndvLzX4uUtq6T/.k5yYjVq0UDI7/7NYHJySwmF9UBAcNL.,고객50,2026-04-27 16:29:05
57,user6@test.com,010-1000-0006,$2b$10$vQGt89wTCDgNC8GDrQASfuvo2kWUChpVJkFVGEQaeNrDD2Uvl.xry,고객6,2026-04-27 16:29:05
58,user7@test.com,010-1000-0007,$2b$10$nSSkibsEs5NnR4969Wy1N.dmgAM9YcQ2DUZO.lXVv/qEi/Ijxq.7G,고객7,2026-04-27 16:29:05
59,user8@test.com,010-0000-4444,$2b$10$.jKNsM0NalrapCTtJiq9beAn.TQOpPplfNFWzSELJwSHR53TmPQW.,고객놈,2026-04-27 16:29:05
60,user9@test.com,,,고객9,2026-04-27 16:29:05
